{"cameraMode":{"drawMode":0,"name":"Shaded","section":"Shading Mode"},"sceneLighting":true,"audioPlay":false,"sceneViewState":{"m_AlwaysRefresh":false,"showFog":true,"showSkybox":true,"showFlares":true,"showImageEffects":true,"showParticleSystems":true,"showVisualEffectGraphs":true,"m_FxEnabled":true},"in2DMode":false,"pivot":{"x":0.15165169537067414,"y":0.8282261490821838,"z":1.021774172782898},"rotation":{"x":-0.26409628987312319,"y":0.01706814020872116,"z":-0.004674157127737999,"w":-0.9643351435661316},"size":1.402512550354004,"orthographic":false}