{"cameraMode":{"drawMode":0,"name":"Shaded","section":"Shading Mode"},"sceneLighting":false,"audioPlay":false,"sceneViewState":{"m_AlwaysRefresh":false,"showFog":true,"showSkybox":false,"showFlares":true,"showImageEffects":true,"showParticleSystems":true,"showVisualEffectGraphs":true,"m_FxEnabled":true},"in2DMode":false,"pivot":{"x":-0.0709422379732132,"y":0.1056692898273468,"z":0.026820972561836244},"rotation":{"x":-0.15253610908985139,"y":0.04711998254060745,"z":-0.007281049620360136,"w":-0.9871475100517273},"size":0.2660253643989563,"orthographic":false}